Statistic Measure	Naive Bayes	Random Forest	SVM	KNN	My Method
Accuracy	0.0266666666667	0.0733333333333	0.0266666666667	0.0266666666667	0.0266666666667
Precision	0.00566666666667	0.0665	0.00566666666667	0.00566666666667	0.00566666666667
Recall	0.045	0.0827976190476	0.045	0.045	0.045
F-Measure	0.00979166666667	0.057803030303	0.00979166666667	0.00979166666667	0.00979166666667
