Statistic Measure	Naive Bayes	Random Forest	SVM	KNN	My Method
Accuracy	0.944	0.83	0.94	0.925	0.962
Precision	0.939277426761	0.835269317212	0.940773242623	0.928333333333	0.962191685765
Recall	0.944233762933	0.799689449036	0.92741517625	0.934523809524	0.95900737921
F-Measure	0.941083849715	0.80437843427	0.931871358931	0.928976812661	0.959866596985
